{"mean":{"confidence_interval":{"confidence_level":0.95,"lower_bound":-0.06437751179342971,"upper_bound":-0.050389445147132485},"point_estimate":-0.05707531259551435,"standard_error":0.003579267388817868},"median":{"confidence_interval":{"confidence_level":0.95,"lower_bound":-0.05639686366453778,"upper_bound":-0.04971869774117499},"point_estimate":-0.05328367749193208,"standard_error":0.0017379642222314679}}