{"mean":{"confidence_interval":{"confidence_level":0.95,"lower_bound":0.006068179699650189,"upper_bound":0.01779325605561595},"point_estimate":0.011743791711135598,"standard_error":0.003137716811421685},"median":{"confidence_interval":{"confidence_level":0.95,"lower_bound":0.00016819447489679895,"upper_bound":0.004140799516006322},"point_estimate":0.0023023970466298227,"standard_error":0.0010348634765541785}}