{"mean":{"confidence_interval":{"confidence_level":0.95,"lower_bound":-0.03331647971829958,"upper_bound":-0.025017239091161783},"point_estimate":-0.029083637881176294,"standard_error":0.002080667551160306},"median":{"confidence_interval":{"confidence_level":0.95,"lower_bound":-0.037874510107831716,"upper_bound":-0.03015015280495459},"point_estimate":-0.03544199661737979,"standard_error":0.0021645868034057257}}