{"mean":{"confidence_interval":{"confidence_level":0.95,"lower_bound":259910.06147574988,"upper_bound":261997.21030767058},"point_estimate":260917.43475632742,"standard_error":531.6804854247765},"median":{"confidence_interval":{"confidence_level":0.95,"lower_bound":259315.02412280702,"upper_bound":261153.2088607595},"point_estimate":260785.79247104248,"standard_error":479.5909163034512},"median_abs_dev":{"confidence_interval":{"confidence_level":0.95,"lower_bound":2377.554214239701,"upper_bound":6039.233066572502},"point_estimate":4474.140399947761,"standard_error":921.985073835},"slope":{"confidence_interval":{"confidence_level":0.95,"lower_bound":261744.64589956444,"upper_bound":265261.52278371475},"point_estimate":263500.42521131964,"standard_error":904.8530309239088},"std_dev":{"confidence_interval":{"confidence_level":0.95,"lower_bound":4188.526687613205,"upper_bound":6247.030023739493},"point_estimate":5320.375098079591,"standard_error":522.8468594007022}}