{"mean":{"confidence_interval":{"confidence_level":0.95,"lower_bound":8888849.464964285,"upper_bound":9006702.121428572},"point_estimate":8941428.092857141,"standard_error":30216.519175596914},"median":{"confidence_interval":{"confidence_level":0.95,"lower_bound":8853732.5,"upper_bound":8864019.0},"point_estimate":8857849.5,"standard_error":2538.8438953441173},"median_abs_dev":{"confidence_interval":{"confidence_level":0.95,"lower_bound":12654.837975330925,"upper_bound":25670.265444263267},"point_estimate":17202.501594595335,"standard_error":3344.385075868781},"slope":null,"std_dev":{"confidence_interval":{"confidence_level":0.95,"lower_bound":141819.31464452634,"upper_bound":424031.6362648333},"point_estimate":303169.4778665125,"standard_error":70867.85696945927}}