{"mean":{"confidence_interval":{"confidence_level":0.95,"lower_bound":255176.9827001937,"upper_bound":260060.95056677092},"point_estimate":257504.84746374268,"standard_error":1249.5854044693324},"median":{"confidence_interval":{"confidence_level":0.95,"lower_bound":255849.23492063492,"upper_bound":257823.29111111112},"point_estimate":256754.621579602,"standard_error":545.027688462275},"median_abs_dev":{"confidence_interval":{"confidence_level":0.95,"lower_bound":3159.7565999031103,"upper_bound":10788.728906154609},"point_estimate":7780.522442322677,"standard_error":2257.625298050469},"slope":{"confidence_interval":{"confidence_level":0.95,"lower_bound":258204.3233700047,"upper_bound":261273.2947028574},"point_estimate":259575.469581794,"standard_error":785.5029356147683},"std_dev":{"confidence_interval":{"confidence_level":0.95,"lower_bound":9127.419845966468,"upper_bound":15367.665657659483},"point_estimate":12507.374815048996,"standard_error":1585.4036514956167}}