{"mean":{"confidence_interval":{"confidence_level":0.95,"lower_bound":-0.008787395708555449,"upper_bound":0.0031847570320786556},"point_estimate":-0.0019938652931513756,"standard_error":0.003033180836794192},"median":{"confidence_interval":{"confidence_level":0.95,"lower_bound":-0.001033709287598225,"upper_bound":0.0041365615679051105},"point_estimate":0.0027061942247239568,"standard_error":0.001485697337681195}}