{"mean":{"confidence_interval":{"confidence_level":0.95,"lower_bound":8820682.437333334,"upper_bound":8950276.460166665},"point_estimate":8894864.131666666,"standard_error":33274.30659999916},"median":{"confidence_interval":{"confidence_level":0.95,"lower_bound":8884851.0,"upper_bound":8893501.083333332},"point_estimate":8889043.5,"standard_error":2149.0985691831233},"median_abs_dev":{"confidence_interval":{"confidence_level":0.95,"lower_bound":14536.432518174981,"upper_bound":28473.505464493814},"point_estimate":19771.70614898297,"standard_error":3612.3776839957586},"slope":null,"std_dev":{"confidence_interval":{"confidence_level":0.95,"lower_bound":124713.80370134015,"upper_bound":530989.560247095},"point_estimate":333774.587390339,"standard_error":119508.61917815237}}