{"mean":{"confidence_interval":{"confidence_level":0.95,"lower_bound":-0.00410840189312645,"upper_bound":0.016329675474122448},"point_estimate":0.005234926638699511,"standard_error":0.005231706437980704},"median":{"confidence_interval":{"confidence_level":0.95,"lower_bound":-0.004212668209928716,"upper_bound":-0.0027679390242829633},"point_estimate":-0.0035092639607400278,"standard_error":0.00037176741993106784}}