{"mean":{"confidence_interval":{"confidence_level":0.95,"lower_bound":10103685.711583339,"upper_bound":10201576.604416667},"point_estimate":10153048.13,"standard_error":25030.86598897934},"median":{"confidence_interval":{"confidence_level":0.95,"lower_bound":10033886.666666666,"upper_bound":10195113.666666666},"point_estimate":10134932.666666666,"standard_error":37671.637898711284},"median_abs_dev":{"confidence_interval":{"confidence_level":0.95,"lower_bound":170993.19696426345,"upper_bound":274245.65983116534},"point_estimate":230973.38504940455,"standard_error":24832.81457386616},"slope":null,"std_dev":{"confidence_interval":{"confidence_level":0.95,"lower_bound":196138.09137992514,"upper_bound":313049.06172921165},"point_estimate":251839.21446002205,"standard_error":30559.07405906301}}