{"mean":{"confidence_interval":{"confidence_level":0.95,"lower_bound":0.06142844241393486,"upper_bound":0.07425921964072936},"point_estimate":0.06808033868196794,"standard_error":0.003279579003498502},"median":{"confidence_interval":{"confidence_level":0.95,"lower_bound":0.05305013205057896,"upper_bound":0.07966512784684077},"point_estimate":0.06798986435096,"standard_error":0.008037414773207078}}