{"mean":{"confidence_interval":{"confidence_level":0.95,"lower_bound":9815880.500583334,"upper_bound":9874253.409999995},"point_estimate":9845064.38333333,"standard_error":14818.853840828238},"median":{"confidence_interval":{"confidence_level":0.95,"lower_bound":9863443.583333332,"upper_bound":9878600.916666666},"point_estimate":9870893.5,"standard_error":4224.203933133215},"median_abs_dev":{"confidence_interval":{"confidence_level":0.95,"lower_bound":23334.64098572455,"upper_bound":41862.07510680053},"point_estimate":30535.13485789207,"standard_error":4521.5402542961465},"slope":null,"std_dev":{"confidence_interval":{"confidence_level":0.95,"lower_bound":102243.45208771298,"upper_bound":194677.68382561224},"point_estimate":148013.66684923298,"standard_error":23947.13868689507}}