{"mean":{"confidence_interval":{"confidence_level":0.95,"lower_bound":0.0840429091616162,"upper_bound":0.08913028399701228},"point_estimate":0.0864356866852809,"standard_error":0.0012923529526537192},"median":{"confidence_interval":{"confidence_level":0.95,"lower_bound":0.0843709729176938,"upper_bound":0.08752435987966822},"point_estimate":0.08616412800249518,"standard_error":0.0008629616383651182}}