{"mean":{"confidence_interval":{"confidence_level":0.95,"lower_bound":275100.6130989999,"upper_bound":277879.1976486313},"point_estimate":276350.57418514806,"standard_error":713.1721194550028},"median":{"confidence_interval":{"confidence_level":0.95,"lower_bound":273272.3125,"upper_bound":274520.26664456766},"point_estimate":273834.4436834094,"standard_error":323.8128520529717},"median_abs_dev":{"confidence_interval":{"confidence_level":0.95,"lower_bound":1324.3063974849024,"upper_bound":3112.965909284272},"point_estimate":1868.163013424391,"standard_error":473.15037772314366},"slope":{"confidence_interval":{"confidence_level":0.95,"lower_bound":276681.40593256237,"upper_bound":282239.0429405227},"point_estimate":279175.9726363233,"standard_error":1426.1915307807174},"std_dev":{"confidence_interval":{"confidence_level":0.95,"lower_bound":3568.951108804667,"upper_bound":10237.316663763457},"point_estimate":7194.4672154043155,"standard_error":1733.907809786415}}