{"mean":{"confidence_interval":{"confidence_level":0.95,"lower_bound":-0.02758712866069271,"upper_bound":-0.01815681131065557},"point_estimate":-0.022828652539990446,"standard_error":0.002417281347370759},"median":{"confidence_interval":{"confidence_level":0.95,"lower_bound":-0.03476154366427786,"upper_bound":-0.009543161670698797},"point_estimate":-0.023117354556150937,"standard_error":0.006738857129335317}}