{"mean":{"confidence_interval":{"confidence_level":0.95,"lower_bound":-0.0036557711190595577,"upper_bound":0.008351803975119643},"point_estimate":0.0023291230730873025,"standard_error":0.0030547736130346263},"median":{"confidence_interval":{"confidence_level":0.95,"lower_bound":-0.006511592604496909,"upper_bound":0.013592489001060803},"point_estimate":0.002096199912743568,"standard_error":0.005022844623139252}}