{"mean":{"confidence_interval":{"confidence_level":0.95,"lower_bound":9410335.253333332,"upper_bound":9764324.851666667},"point_estimate":9598234.511666661,"standard_error":90502.49109991456},"median":{"confidence_interval":{"confidence_level":0.95,"lower_bound":9850673.166666668,"upper_bound":9910425.0},"point_estimate":9872604.916666668,"standard_error":16409.20330485744},"median_abs_dev":{"confidence_interval":{"confidence_level":0.95,"lower_bound":106897.92910218424,"upper_bound":239025.26195645425},"point_estimate":142953.77206206185,"standard_error":34510.965871076376},"slope":null,"std_dev":{"confidence_interval":{"confidence_level":0.95,"lower_bound":632079.2148509646,"upper_bound":1133933.7138597465},"point_estimate":909634.261823341,"standard_error":127115.45015224506}}