{"mean":{"confidence_interval":{"confidence_level":0.95,"lower_bound":-0.04824113798867327,"upper_bound":-0.022939262710927662},"point_estimate":-0.03646604292934752,"standard_error":0.006252519835046649},"median":{"confidence_interval":{"confidence_level":0.95,"lower_bound":-0.03525389554360825,"upper_bound":-0.010217161296141475},"point_estimate":-0.014129076417557895,"standard_error":0.008121847486054774}}