{"mean":{"confidence_interval":{"confidence_level":0.95,"lower_bound":-0.00843304306476246,"upper_bound":0.013804702123125718},"point_estimate":0.002422893751102162,"standard_error":0.005673674670185945},"median":{"confidence_interval":{"confidence_level":0.95,"lower_bound":-0.02721581996537259,"upper_bound":-0.009830064860023802},"point_estimate":-0.01609688964899947,"standard_error":0.004293160167025955}}