{"mean":{"confidence_interval":{"confidence_level":0.95,"lower_bound":0.057824628672419075,"upper_bound":0.0813563460525829},"point_estimate":0.06887911802959934,"standard_error":0.006030401323221455},"median":{"confidence_interval":{"confidence_level":0.95,"lower_bound":0.06171615295220345,"upper_bound":0.07416885595876921},"point_estimate":0.06853246100912092,"standard_error":0.003229954819128987}}