{"mean":{"confidence_interval":{"confidence_level":0.95,"lower_bound":0.01711703722835585,"upper_bound":0.02805682806366142},"point_estimate":0.022661676171397804,"standard_error":0.002784292187062769},"median":{"confidence_interval":{"confidence_level":0.95,"lower_bound":0.006857296561082915,"upper_bound":0.025789577857059078},"point_estimate":0.015556902247284343,"standard_error":0.005514459587004121}}