{"mean":{"confidence_interval":{"confidence_level":0.95,"lower_bound":0.008821737382412037,"upper_bound":0.0232643971825247},"point_estimate":0.016030468937718645,"standard_error":0.0036954126303479244},"median":{"confidence_interval":{"confidence_level":0.95,"lower_bound":0.007479252272184489,"upper_bound":0.018433115652154886},"point_estimate":0.014358616999103457,"standard_error":0.00283405325841922}}