{"mean":{"confidence_interval":{"confidence_level":0.95,"lower_bound":226337.31202933996,"upper_bound":230102.55595565806},"point_estimate":228183.54902894262,"standard_error":961.7046047996865},"median":{"confidence_interval":{"confidence_level":0.95,"lower_bound":225480.25671232876,"upper_bound":227293.69166666668},"point_estimate":226300.68594470044,"standard_error":456.8566845249883},"median_abs_dev":{"confidence_interval":{"confidence_level":0.95,"lower_bound":3440.2474130023497,"upper_bound":9447.737369269154},"point_estimate":5283.752079307523,"standard_error":1471.7861651438504},"slope":{"confidence_interval":{"confidence_level":0.95,"lower_bound":230009.04407072582,"upper_bound":236091.97912282913},"point_estimate":233248.3733075218,"standard_error":1552.1515511435066},"std_dev":{"confidence_interval":{"confidence_level":0.95,"lower_bound":8348.623305657473,"upper_bound":10671.470578138267},"point_estimate":9649.373156145528,"standard_error":590.7839695778025}}