{"mean":{"confidence_interval":{"confidence_level":0.95,"lower_bound":-0.00011679823520429609,"upper_bound":0.004199568573817963},"point_estimate":0.00206792533906186,"standard_error":0.0011160899515908831},"median":{"confidence_interval":{"confidence_level":0.95,"lower_bound":0.0008219744220379077,"upper_bound":0.004918876254896398},"point_estimate":0.0026838315249291256,"standard_error":0.001085902440058321}}