{"mean":{"confidence_interval":{"confidence_level":0.95,"lower_bound":9746191.260916667,"upper_bound":9856375.679875001},"point_estimate":9806005.995000001,"standard_error":28312.2657886722},"median":{"confidence_interval":{"confidence_level":0.95,"lower_bound":9837160.5,"upper_bound":9884150.666666668},"point_estimate":9872760.666666668,"standard_error":13992.162301819306},"median_abs_dev":{"confidence_interval":{"confidence_level":0.95,"lower_bound":72408.20591449784,"upper_bound":121191.67544841675},"point_estimate":98929.4484436512,"standard_error":12604.455317249587},"slope":null,"std_dev":{"confidence_interval":{"confidence_level":0.95,"lower_bound":168560.41799508006,"upper_bound":383665.85979682126},"point_estimate":282905.7143811427,"standard_error":54832.520340385185}}