{"mean":{"confidence_interval":{"confidence_level":0.95,"lower_bound":9769192.106666667,"upper_bound":10106193.13625},"point_estimate":9944115.295,"standard_error":85650.35783848222},"median":{"confidence_interval":{"confidence_level":0.95,"lower_bound":9944431.166666666,"upper_bound":10114084.666666666},"point_estimate":9999734.0,"standard_error":47690.64006312868},"median_abs_dev":{"confidence_interval":{"confidence_level":0.95,"lower_bound":291071.06918245554,"upper_bound":496999.75772648776},"point_estimate":402271.0092082615,"standard_error":52905.664733679514},"slope":null,"std_dev":{"confidence_interval":{"confidence_level":0.95,"lower_bound":622240.2306619559,"upper_bound":1070828.4418581326},"point_estimate":859809.2482036393,"standard_error":114428.39837158605}}