{"mean":{"confidence_interval":{"confidence_level":0.95,"lower_bound":9722838.613333331,"upper_bound":9738275.896666666},"point_estimate":9730240.055,"standard_error":3939.5551345787408},"median":{"confidence_interval":{"confidence_level":0.95,"lower_bound":9714018.0,"upper_bound":9725416.166666666},"point_estimate":9720021.333333332,"standard_error":2792.5620979299993},"median_abs_dev":{"confidence_interval":{"confidence_level":0.95,"lower_bound":15525.77456936238,"upper_bound":28224.008598921842},"point_estimate":21807.933662831783,"standard_error":3153.5404170972593},"slope":null,"std_dev":{"confidence_interval":{"confidence_level":0.95,"lower_bound":30553.24956397842,"upper_bound":48267.59333685158},"point_estimate":40284.85763835128,"standard_error":4541.684871252826}}