{"mean":{"confidence_interval":{"confidence_level":0.95,"lower_bound":-0.002792834866484771,"upper_bound":0.017644266376098505},"point_estimate":0.00838230915716931,"standard_error":0.005182439700761899},"median":{"confidence_interval":{"confidence_level":0.95,"lower_bound":0.002591047106865308,"upper_bound":0.007475350435716344},"point_estimate":0.00600997603036979,"standard_error":0.0013851019455651552}}