{"mean":{"confidence_interval":{"confidence_level":0.95,"lower_bound":-0.021994216555884273,"upper_bound":-0.003258426406124633},"point_estimate":-0.013079184592519777,"standard_error":0.004760489900099657},"median":{"confidence_interval":{"confidence_level":0.95,"lower_bound":-0.019101191419201524,"upper_bound":-0.008625536006555024},"point_estimate":-0.015457785691634585,"standard_error":0.0027215501705654343}}