{"mean":{"confidence_interval":{"confidence_level":0.95,"lower_bound":524453.8849929348,"upper_bound":528119.7119659844},"point_estimate":526300.2477548185,"standard_error":935.6986003559172},"median":{"confidence_interval":{"confidence_level":0.95,"lower_bound":523119.80833333335,"upper_bound":528359.9056603773},"point_estimate":525733.0425724637,"standard_error":1398.3854839504513},"median_abs_dev":{"confidence_interval":{"confidence_level":0.95,"lower_bound":7131.69224082386,"upper_bound":11250.364604006727},"point_estimate":9239.750106776912,"standard_error":1084.6069027963338},"slope":{"confidence_interval":{"confidence_level":0.95,"lower_bound":525970.7071172098,"upper_bound":531894.2824391351},"point_estimate":529076.2154883996,"standard_error":1513.5163538293575},"std_dev":{"confidence_interval":{"confidence_level":0.95,"lower_bound":7900.637201427278,"upper_bound":10821.980541771962},"point_estimate":9371.063133328491,"standard_error":748.2457052262822}}