{"mean":{"confidence_interval":{"confidence_level":0.95,"lower_bound":237280.86568840992,"upper_bound":239179.0662090484},"point_estimate":238217.16542462324,"standard_error":483.1559468125326},"median":{"confidence_interval":{"confidence_level":0.95,"lower_bound":235704.4206439394,"upper_bound":237651.704},"point_estimate":236273.71285714285,"standard_error":513.8245793445492},"median_abs_dev":{"confidence_interval":{"confidence_level":0.95,"lower_bound":2575.934968526895,"upper_bound":6273.00971003267},"point_estimate":4118.771862710505,"standard_error":947.9386280069913},"slope":{"confidence_interval":{"confidence_level":0.95,"lower_bound":236167.81341517236,"upper_bound":238442.78623462687},"point_estimate":237288.9110400473,"standard_error":582.5508199432123},"std_dev":{"confidence_interval":{"confidence_level":0.95,"lower_bound":4330.02429697703,"upper_bound":5314.89967574908},"point_estimate":4873.847448752042,"standard_error":250.94379948347938}}