{"mean":{"confidence_interval":{"confidence_level":0.95,"lower_bound":-0.01174250979203587,"upper_bound":0.0006790145157024895},"point_estimate":-0.006114765900877561,"standard_error":0.0031601144316621543},"median":{"confidence_interval":{"confidence_level":0.95,"lower_bound":-0.009869936213554364,"upper_bound":-0.005387886517676077},"point_estimate":-0.006848531124291957,"standard_error":0.001253616926402655}}