{"mean":{"confidence_interval":{"confidence_level":0.95,"lower_bound":0.05424358712387574,"upper_bound":0.0756129387380642},"point_estimate":0.0647558738863303,"standard_error":0.005469138888198538},"median":{"confidence_interval":{"confidence_level":0.95,"lower_bound":0.022224186250048517,"upper_bound":0.044665438137476254},"point_estimate":0.024314042860398066,"standard_error":0.007519052965395431}}