{"mean":{"confidence_interval":{"confidence_level":0.95,"lower_bound":0.027547244116737715,"upper_bound":0.03664272607915915},"point_estimate":0.03203107650489301,"standard_error":0.00232725521705405},"median":{"confidence_interval":{"confidence_level":0.95,"lower_bound":0.02350493960519695,"upper_bound":0.03801888607364723},"point_estimate":0.029799034991572215,"standard_error":0.003782601533951022}}