{"mean":{"confidence_interval":{"confidence_level":0.95,"lower_bound":546558.0310602504,"upper_bound":559728.5806383723},"point_estimate":553006.6331456251,"standard_error":3363.3875328990553},"median":{"confidence_interval":{"confidence_level":0.95,"lower_bound":551016.5733173077,"upper_bound":565190.4642857143},"point_estimate":563147.5018192844,"standard_error":4725.8528601958005},"median_abs_dev":{"confidence_interval":{"confidence_level":0.95,"lower_bound":14596.340462291717,"upper_bound":42330.814769823985},"point_estimate":24836.714430534164,"standard_error":7197.9978544443275},"slope":{"confidence_interval":{"confidence_level":0.95,"lower_bound":531140.4093658059,"upper_bound":544528.3629922386},"point_estimate":537459.5546386878,"standard_error":3425.3826034035997},"std_dev":{"confidence_interval":{"confidence_level":0.95,"lower_bound":27423.482350435814,"upper_bound":40091.55316741181},"point_estimate":33860.40132487998,"standard_error":3251.779804003864}}