{"mean":{"confidence_interval":{"confidence_level":0.95,"lower_bound":0.021477821782431645,"upper_bound":0.030390505033510377},"point_estimate":0.025939565704671486,"standard_error":0.002264048480952245},"median":{"confidence_interval":{"confidence_level":0.95,"lower_bound":0.014113662486126444,"upper_bound":0.020047952648816647},"point_estimate":0.016887042234287275,"standard_error":0.0015025652696130025}}