{"mean":{"confidence_interval":{"confidence_level":0.95,"lower_bound":0.017197701809707745,"upper_bound":0.04013300528485118},"point_estimate":0.0287524843980691,"standard_error":0.005774893414753852},"median":{"confidence_interval":{"confidence_level":0.95,"lower_bound":0.0027542858170281903,"upper_bound":0.025779272058028768},"point_estimate":0.00703034658825441,"standard_error":0.0057637339702889655}}