{"mean":{"confidence_interval":{"confidence_level":0.95,"lower_bound":8802444.941666666,"upper_bound":8906198.23320833},"point_estimate":8859738.466666665,"standard_error":26571.509529019688},"median":{"confidence_interval":{"confidence_level":0.95,"lower_bound":8835013.0,"upper_bound":8872865.166666666},"point_estimate":8846933.583333334,"standard_error":10872.321383946593},"median_abs_dev":{"confidence_interval":{"confidence_level":0.95,"lower_bound":56657.77420662522,"upper_bound":105886.30172014328},"point_estimate":74475.44447779517,"standard_error":12589.487931625485},"slope":null,"std_dev":{"confidence_interval":{"confidence_level":0.95,"lower_bound":100630.95314774352,"upper_bound":411488.0803440211},"point_estimate":267689.8478225979,"standard_error":80910.99242475106}}