{"mean":{"confidence_interval":{"confidence_level":0.95,"lower_bound":8790221.092791665,"upper_bound":8826544.015},"point_estimate":8805563.239999998,"standard_error":9451.226627802798},"median":{"confidence_interval":{"confidence_level":0.95,"lower_bound":8781070.333333334,"upper_bound":8793199.5},"point_estimate":8786345.083333332,"standard_error":2485.423463455592},"median_abs_dev":{"confidence_interval":{"confidence_level":0.95,"lower_bound":15147.47683107945,"upper_bound":26989.497020839724},"point_estimate":21226.878023145742,"standard_error":3138.0586511876304},"slope":null,"std_dev":{"confidence_interval":{"confidence_level":0.95,"lower_bound":22961.784475783556,"upper_bound":146364.0717491557},"point_estimate":95744.14440913097,"standard_error":33447.55430736626}}