{"mean":{"confidence_interval":{"confidence_level":0.95,"lower_bound":0.019154641610747255,"upper_bound":0.07896253686268169},"point_estimate":0.047822298545836084,"standard_error":0.01526226251837875},"median":{"confidence_interval":{"confidence_level":0.95,"lower_bound":0.02037226815939653,"upper_bound":0.03189059341690603},"point_estimate":0.027980455198547194,"standard_error":0.0037359351730747543}}