{"mean":{"confidence_interval":{"confidence_level":0.95,"lower_bound":0.00951148950565366,"upper_bound":0.02207431711388884},"point_estimate":0.016130296919561138,"standard_error":0.00321182682049925},"median":{"confidence_interval":{"confidence_level":0.95,"lower_bound":0.011996195970546441,"upper_bound":0.019978798547664933},"point_estimate":0.016010041786437723,"standard_error":0.0019730488343419578}}