{"mean":{"confidence_interval":{"confidence_level":0.95,"lower_bound":9391636.586666672,"upper_bound":9509100.691083336},"point_estimate":9450960.120000003,"standard_error":29704.42107979433},"median":{"confidence_interval":{"confidence_level":0.95,"lower_bound":9428816.666666668,"upper_bound":9469028.833333334},"point_estimate":9434935.0,"standard_error":10014.179198401474},"median_abs_dev":{"confidence_interval":{"confidence_level":0.95,"lower_bound":84091.34080707842,"upper_bound":225404.14959702798},"point_estimate":129650.64959824132,"standard_error":36750.64153870088},"slope":null,"std_dev":{"confidence_interval":{"confidence_level":0.95,"lower_bound":224833.33607156997,"upper_bound":372155.9599749896},"point_estimate":297960.7327499954,"standard_error":38201.13938975284}}