{"mean":{"confidence_interval":{"confidence_level":0.95,"lower_bound":8763985.852375,"upper_bound":9266169.809166672},"point_estimate":9019621.106666666,"standard_error":128088.7688354583},"median":{"confidence_interval":{"confidence_level":0.95,"lower_bound":9163179.416666666,"upper_bound":9252357.083333332},"point_estimate":9178126.833333332,"standard_error":31503.338291216824},"median_abs_dev":{"confidence_interval":{"confidence_level":0.95,"lower_bound":58316.216714680195,"upper_bound":892813.3027493935},"point_estimate":731605.5127114076,"standard_error":245268.9779125137},"slope":null,"std_dev":{"confidence_interval":{"confidence_level":0.95,"lower_bound":1002830.3301092179,"upper_bound":1559784.5670968022},"point_estimate":1293846.6202099437,"standard_error":141208.44837952804}}