{"mean":{"confidence_interval":{"confidence_level":0.95,"lower_bound":-0.03722934560078959,"upper_bound":-0.00415541336665475},"point_estimate":-0.021507719254576507,"standard_error":0.00842748866453699},"median":{"confidence_interval":{"confidence_level":0.95,"lower_bound":-0.03981700031478619,"upper_bound":-0.022734481229608194},"point_estimate":-0.027972010722152052,"standard_error":0.004678901769056153}}