{"mean":{"confidence_interval":{"confidence_level":0.95,"lower_bound":-0.0006988957639212835,"upper_bound":0.009908295255187103},"point_estimate":0.004723283096367048,"standard_error":0.0027211309517076844},"median":{"confidence_interval":{"confidence_level":0.95,"lower_bound":-0.004497771347830137,"upper_bound":0.01109935558331454},"point_estimate":0.0030792766729847987,"standard_error":0.004192710448079427}}