{"mean":{"confidence_interval":{"confidence_level":0.95,"lower_bound":-0.0004420840310030146,"upper_bound":0.007761120747229748},"point_estimate":0.0037368388589817947,"standard_error":0.002091509092207567},"median":{"confidence_interval":{"confidence_level":0.95,"lower_bound":-0.001892177889698865,"upper_bound":0.010313965655844859},"point_estimate":0.004556521479676556,"standard_error":0.0031267173204880382}}