{"mean":{"confidence_interval":{"confidence_level":0.95,"lower_bound":-0.01698605147061873,"upper_bound":-0.007660904893251747},"point_estimate":-0.01240676253695927,"standard_error":0.002384341841508565},"median":{"confidence_interval":{"confidence_level":0.95,"lower_bound":-0.016464753556288774,"upper_bound":-0.0038648839457392503},"point_estimate":-0.012287542086729775,"standard_error":0.003246178511367935}}