{"mean":{"confidence_interval":{"confidence_level":0.95,"lower_bound":0.05541832715545344,"upper_bound":0.06251015438191666},"point_estimate":0.05892871936162902,"standard_error":0.001800914142145312},"median":{"confidence_interval":{"confidence_level":0.95,"lower_bound":0.052545815043771205,"upper_bound":0.05930100198599719},"point_estimate":0.05548382050175449,"standard_error":0.0017303726192843918}}