{"mean":{"confidence_interval":{"confidence_level":0.95,"lower_bound":9044855.412791664,"upper_bound":9162469.407083338},"point_estimate":9108563.30166667,"standard_error":29926.06562811309},"median":{"confidence_interval":{"confidence_level":0.95,"lower_bound":9049400.166666666,"upper_bound":9105312.0},"point_estimate":9067171.083333332,"standard_error":14076.118273414017},"median_abs_dev":{"confidence_interval":{"confidence_level":0.95,"lower_bound":77383.61374616629,"upper_bound":158568.02078485396},"point_estimate":114904.33961004065,"standard_error":18641.795410881878},"slope":null,"std_dev":{"confidence_interval":{"confidence_level":0.95,"lower_bound":166801.12719669903,"upper_bound":443320.90059194603},"point_estimate":299619.33652342285,"standard_error":76934.72205415544}}