{"mean":{"confidence_interval":{"confidence_level":0.95,"lower_bound":8926806.554125002,"upper_bound":9024153.783083333},"point_estimate":8973703.296666667,"standard_error":24871.941881013245},"median":{"confidence_interval":{"confidence_level":0.95,"lower_bound":8809411.75,"upper_bound":9044653.666666666},"point_estimate":8905003.25,"standard_error":89158.24520355674},"median_abs_dev":{"confidence_interval":{"confidence_level":0.95,"lower_bound":95920.88244706392,"upper_bound":344270.33918797877},"point_estimate":212357.11847990798,"standard_error":67207.26207329305},"slope":null,"std_dev":{"confidence_interval":{"confidence_level":0.95,"lower_bound":194830.0330223295,"upper_bound":306882.2067753117},"point_estimate":249457.8540544662,"standard_error":28985.150958191312}}