{"mean":{"confidence_interval":{"confidence_level":0.95,"lower_bound":0.006261425415102197,"upper_bound":0.019363496548315113},"point_estimate":0.01258738062521414,"standard_error":0.003340173272193804},"median":{"confidence_interval":{"confidence_level":0.95,"lower_bound":-0.0006629775254167747,"upper_bound":0.00483167566629565},"point_estimate":0.001631246847453971,"standard_error":0.0014360543189652559}}