{"mean":{"confidence_interval":{"confidence_level":0.95,"lower_bound":0.05348155846954688,"upper_bound":0.07446194601954599},"point_estimate":0.06415258069538132,"standard_error":0.00534849715212418},"median":{"confidence_interval":{"confidence_level":0.95,"lower_bound":0.08275125819840023,"upper_bound":0.09401146371327296},"point_estimate":0.09162368806808407,"standard_error":0.003030250464514576}}