{"mean":{"confidence_interval":{"confidence_level":0.95,"lower_bound":-0.043743542612221596,"upper_bound":-0.0017969584301938354},"point_estimate":-0.02213561904914052,"standard_error":0.010848512996909983},"median":{"confidence_interval":{"confidence_level":0.95,"lower_bound":0.0010561856230733024,"upper_bound":0.007713754590136457},"point_estimate":0.0035299364275160894,"standard_error":0.001747225470120209}}