{"mean":{"confidence_interval":{"confidence_level":0.95,"lower_bound":0.006487173415507852,"upper_bound":0.02292996773660499},"point_estimate":0.015028355690130502,"standard_error":0.0042084837109870685},"median":{"confidence_interval":{"confidence_level":0.95,"lower_bound":0.002244224665738148,"upper_bound":0.0321131993700734},"point_estimate":0.018210867394498953,"standard_error":0.010311514027082167}}